code,name,province
110100,北京市,北京市
120100,天津市,天津市
130100,石家庄,河北省
130200,唐山,河北省
130300,秦皇岛,河北省
130400,邯郸,河北省
130500,邢台,河北省
130600,保定,河北省
130700,张家口,河北省
130800,承德,河北省
130900,沧州,河北省
131000,廊坊,河北省
131100,衡水,河北省
140100,太原,山西省
140200,大同,山西省
140300,阳泉,山西省
140400,长治,山西省
140500,晋城,山西省
140600,朔州,山西省
140700,晋中,山西省
140800,运城,山西省
140900,忻州,山西省
141000,临汾,山西省
141100,吕梁,山西省
150100,呼和浩特,内蒙古自治区
150200,包头,内蒙古自治区
150300,乌海,内蒙古自治区
150400,赤峰,内蒙古自治区
150500,通辽,内蒙古自治区
150600,鄂尔多斯,内蒙古自治区
150700,呼伦贝尔,内蒙古自治区
150800,巴彦淖尔,内蒙古自治区
150900,乌兰察布,内蒙古自治区
152200,兴安盟,内蒙古自治区
152500,锡林郭勒盟,内蒙古自治区
152900,阿拉善盟,内蒙古自治区
210100,沈阳,辽宁省
210200,大连,辽宁省
210300,鞍山,辽宁省
210400,抚顺,辽宁省
210500,本溪,辽宁省
210600,丹东,辽宁省
210700,锦州,辽宁省
210800,营口,辽宁省
210900,阜新,辽宁省
211000,辽阳,辽宁省
211100,盘锦,辽宁省
211200,铁岭,辽宁省
211300,朝阳,辽宁省
211400,葫芦岛,辽宁省
220100,长春,吉林省
220200,吉林,吉林省
220300,四平,吉林省
220400,辽源,吉林省
220500,通化,吉林省
220600,白山,吉林省
220700,松原,吉林省
220800,白城,吉林省
222400,延边朝鲜族自治州,吉林省
230100,哈尔滨,黑龙江省
230200,齐齐哈尔,黑龙江省
230300,鸡西,黑龙江省
230400,鹤岗,黑龙江省
230500,双鸭山,黑龙江省
230600,大庆,黑龙江省
230700,伊春,黑龙江省
230800,佳木斯,黑龙江省
230900,七台河,黑龙江省
231000,牡丹江,黑龙江省
231100,黑河,黑龙江省
231200,绥化,黑龙江省
232700,大兴安岭地区,黑龙江省
310100,上海市,上海市
320100,南京,江苏省
320200,无锡,江苏省
320300,徐州,江苏省
320400,常州,江苏省
320500,苏州,江苏省
320600,南通,江苏省
320700,连云港,江苏省
320800,淮安,江苏省
320900,盐城,江苏省
321000,扬州,江苏省
321100,镇江,江苏省
321200,泰州,江苏省
321300,宿迁,江苏省
330100,杭州,浙江省
330200,宁波,浙江省
330300,温州,浙江省
330400,嘉兴,浙江省
330500,湖州,浙江省
330600,绍兴,浙江省
330700,金华,浙江省
330800,衢州,浙江省
330900,舟山,浙江省
331000,台州,浙江省
331100,丽水,浙江省
340100,合肥,安徽省
340200,芜湖,安徽省
340300,蚌埠,安徽省
340400,淮南,安徽省
340500,马鞍山,安徽省
340600,淮北,安徽省
340700,铜陵,安徽省
340800,安庆,安徽省
341000,黄山,安徽省
341100,滁州,安徽省
341200,阜阳,安徽省
341300,宿州,安徽省
341500,六安,安徽省
341600,亳州,安徽省
341700,池州,安徽省
341800,宣城,安徽省
350100,福州,福建省
350200,厦门,福建省
350300,莆田,福建省
350400,三明,福建省
350500,泉州,福建省
350600,漳州,福建省
350700,南平,福建省
350800,龙岩,福建省
350900,宁德,福建省
360100,南昌,江西省
360200,景德镇,江西省
360300,萍乡,江西省
360400,九江,江西省
360500,新余,江西省
360600,鹰潭,江西省
360700,赣州,江西省
360800,吉安,江西省
360900,宜春,江西省
361000,抚州,江西省
361100,上饶,江西省
370100,济南,山东省
370200,青岛,山东省
370300,淄博,山东省
370400,枣庄,山东省
370500,东营,山东省
370600,烟台,山东省
370700,潍坊,山东省
370800,济宁,山东省
370900,泰安,山东省
371000,威海,山东省
371100,日照,山东省
371300,临沂,山东省
371400,德州,山东省
371500,聊城,山东省
371600,滨州,山东省
371700,菏泽,山东省
410100,郑州,河南省
410200,开封,河南省
410300,洛阳,河南省
410400,平顶山,河南省
410500,安阳,河南省
410600,鹤壁,河南省
410700,新乡,河南省
410800,焦作,河南省
410900,濮阳,河南省
411000,许昌,河南省
411100,漯河,河南省
411200,三门峡,河南省
411300,南阳,河南省
411400,商丘,河南省
411500,信阳,河南省
411600,周口,河南省
411700,驻马店,河南省
420100,武汉,湖北省
420200,黄石,湖北省
420300,十堰,湖北省
420500,宜昌,湖北省
420600,襄阳,湖北省
420700,鄂州,湖北省
420800,荆门,湖北省
420900,孝感,湖北省
421000,荆州,湖北省
421100,黄冈,湖北省
421200,咸宁,湖北省
421300,随州,湖北省
422800,恩施土家族苗族自治州,湖北省
430100,长沙,湖南省
430200,株洲,湖南省
430300,湘潭,湖南省
430400,衡阳,湖南省
430500,邵阳,湖南省
430600,岳阳,湖南省
430700,常德,湖南省
430800,张家界,湖南省
430900,益阳,湖南省
431000,郴州,湖南省
431100,永州,湖南省
431200,怀化,湖南省
431300,娄底,湖南省
433100,湘西土家族苗族自治州,湖南省
440100,广州,广东省
440200,韶关,广东省
440300,深圳,广东省
440400,珠海,广东省
440500,汕头,广东省
440600,佛山,广东省
440700,江门,广东省
440800,湛江,广东省
440900,茂名,广东省
441200,肇庆,广东省
441300,惠州,广东省
441400,梅州,广东省
441500,汕尾,广东省
441600,河源,广东省
441700,阳江,广东省
441800,清远,广东省
441900,东莞,广东省
442000,中山,广东省
445100,潮州,广东省
445200,揭阳,广东省
445300,云浮,广东省
450100,南宁,广西壮族自治区
450200,柳州,广西壮族自治区
450300,桂林,广西壮族自治区
450400,梧州,广西壮族自治区
450500,北海,广西壮族自治区
450600,防城港,广西壮族自治区
450700,钦州,广西壮族自治区
450800,贵港,广西壮族自治区
450900,玉林,广西壮族自治区
451000,百色,广西壮族自治区
451100,贺州,广西壮族自治区
451200,河池,广西壮族自治区
451300,来宾,广西壮族自治区
451400,崇左,广西壮族自治区
460100,海口,海南省
460200,三亚,海南省
460300,三沙,海南省
460400,儋州,海南省
500100,重庆市,重庆市
510100,成都,四川省
510300,自贡,四川省
510400,攀枝花,四川省
510500,泸州,四川省
510600,德阳,四川省
510700,绵阳,四川省
510800,广元,四川省
510900,遂宁,四川省
511000,内江,四川省
511100,乐山,四川省
511300,南充,四川省
511400,眉山,四川省
511500,宜宾,四川省
511600,广安,四川省
511700,达州,四川省
511800,雅安,四川省
511900,巴中,四川省
512000,资阳,四川省
513200,阿坝藏族羌族自治州,四川省
513300,甘孜藏族自治州,四川省
513400,凉山彝族自治州,四川省
520100,贵阳,贵州省
520200,六盘水,贵州省
520300,遵义,贵州省
520400,安顺,贵州省
520500,毕节,贵州省
520600,铜仁,贵州省
522300,黔西南布依族苗族自治州,贵州省
522600,黔东南苗族侗族自治州,贵州省
522700,黔南布依族苗族自治州,贵州省
530100,昆明,云南省
530300,曲靖,云南省
530400,玉溪,云南省
530500,保山,云南省
530600,昭通,云南省
530700,丽江,云南省
530800,普洱,云南省
530900,临沧,云南省
532300,楚雄彝族自治州,云南省
532500,红河哈尼族彝族自治州,云南省
532600,文山壮族苗族自治州,云南省
532800,西双版纳傣族自治州,云南省
532900,大理白族自治州,云南省
533100,德宏傣族景颇族自治州,云南省
533300,怒江傈僳族自治州,云南省
533400,迪庆藏族自治州,云南省
540100,拉萨,西藏自治区
540200,日喀则,西藏自治区
540300,昌都,西藏自治区
540400,林芝,西藏自治区
540500,山南,西藏自治区
540600,那曲,西藏自治区
542500,阿里地区,西藏自治区
610100,西安,陕西省
610200,铜川,陕西省
610300,宝鸡,陕西省
610400,咸阳,陕西省
610500,渭南,陕西省
610600,延安,陕西省
610700,汉中,陕西省
610800,榆林,陕西省
610900,安康,陕西省
611000,商洛,陕西省
620100,兰州,甘肃省
620200,嘉峪关,甘肃省
620300,金昌,甘肃省
620400,白银,甘肃省
620500,天水,甘肃省
620600,武威,甘肃省
620700,张掖,甘肃省
620800,平凉,甘肃省
620900,酒泉,甘肃省
621000,庆阳,甘肃省
621100,定西,甘肃省
621200,陇南,甘肃省
622900,临夏回族自治州,甘肃省
623000,甘南藏族自治州,甘肃省
630100,西宁,青海省
630200,海东,青海省
632200,海北藏族自治州,青海省
632300,黄南藏族自治州,青海省
632500,海南藏族自治州,青海省
632600,果洛藏族自治州,青海省
632700,玉树藏族自治州,青海省
632800,海西蒙古族藏族自治州,青海省
640100,银川,宁夏回族自治区
640200,石嘴山,宁夏回族自治区
640300,吴忠,宁夏回族自治区
640400,固原,宁夏回族自治区
640500,中卫,宁夏回族自治区
650100,乌鲁木齐,新疆维吾尔自治区
650200,克拉玛依,新疆维吾尔自治区
650400,吐鲁番,新疆维吾尔自治区
650500,哈密,新疆维吾尔自治区
652300,昌吉回族自治州,新疆维吾尔自治区
652700,博尔塔拉蒙古自治州,新疆维吾尔自治区
652800,巴音郭楞蒙古自治州,新疆维吾尔自治区
652900,阿克苏地区,新疆维吾尔自治区
653000,克孜勒苏柯尔克孜自治州,新疆维吾尔自治区
653100,喀什地区,新疆维吾尔自治区
653200,和田地区,新疆维吾尔自治区
654000,伊犁哈萨克自治州,新疆维吾尔自治区
654200,塔城地区,新疆维吾尔自治区
654300,阿勒泰地区,新疆维吾尔自治区
659000,自治区直辖县级行政区划,新疆维吾尔自治区
